{
  "config": {
    "L": 252,
    "rebalance_R": 21,
    "n_days": 2520,
    "shrink_fig_n": 100,
    "n_list": [
      8,
      25,
      50,
      100,
      200
    ],
    "risk_free_annual": 0.03,
    "bootstrap": {
      "block": 21,
      "B": 2000,
      "seed": 2024
    }
  },
  "n8_performance": {
    "等权 1/N": {
      "oos_vol": 0.183686,
      "oos_sharpe": 0.450402,
      "sharpe_ci": [
        -0.234105,
        1.151193
      ]
    },
    "GMV（样本Σ）": {
      "oos_vol": 0.161157,
      "oos_sharpe": 0.180054,
      "sharpe_ci": [
        -0.462252,
        0.8103
      ]
    },
    "GMV（收缩Σ）": {
      "oos_vol": 0.160936,
      "oos_sharpe": 0.198607,
      "sharpe_ci": [
        -0.449211,
        0.838938
      ]
    },
    "GMV（RMT裁剪Σ）": {
      "oos_vol": 0.161705,
      "oos_sharpe": 0.158539,
      "sharpe_ci": [
        -0.481206,
        0.791733
      ]
    },
    "GMV（因子Σ）": {
      "oos_vol": 0.166935,
      "oos_sharpe": 0.090307,
      "sharpe_ci": [
        -0.54699,
        0.723338
      ]
    },
    "GMV（NLS）": {
      "oos_vol": 0.160783,
      "oos_sharpe": 0.203176,
      "sharpe_ci": [
        -0.443132,
        0.839699
      ]
    },
    "Oracle切点（真μ）": {
      "oos_vol": 0.32517,
      "oos_sharpe": 0.490073,
      "sharpe_ci": [
        -0.200316,
        1.17979
      ]
    }
  },
  "dimension_sweep": [
    {
      "n": 8,
      "q": 0.0317,
      "gmv_oos_vol": {
        "样本协方差 S": 0.182395,
        "Ledoit-Wolf 收缩": 0.182045,
        "RMT 裁剪": 0.18304,
        "PCA 因子": 0.186515,
        "LW2017 非线性": 0.18224
      },
      "cond_median": {
        "样本协方差 S": 9.44,
        "Ledoit-Wolf 收缩": 8.47,
        "RMT 裁剪": 6.84,
        "PCA 因子": 10.3,
        "LW2017 非线性": 8.14
      },
      "vol_1n": 0.186363
    },
    {
      "n": 25,
      "q": 0.0992,
      "gmv_oos_vol": {
        "样本协方差 S": 0.15287,
        "Ledoit-Wolf 收缩": 0.151998,
        "RMT 裁剪": 0.152826,
        "PCA 因子": 0.152142,
        "LW2017 非线性": 0.151476
      },
      "cond_median": {
        "样本协方差 S": 47.09,
        "Ledoit-Wolf 收缩": 39.3,
        "RMT 裁剪": 30.64,
        "PCA 因子": 41.72,
        "LW2017 非线性": 30.91
      },
      "vol_1n": 0.174937
    },
    {
      "n": 50,
      "q": 0.1984,
      "gmv_oos_vol": {
        "样本协方差 S": 0.139787,
        "Ledoit-Wolf 收缩": 0.137465,
        "RMT 裁剪": 0.134147,
        "PCA 因子": 0.132365,
        "LW2017 非线性": 0.134831
      },
      "cond_median": {
        "样本协方差 S": 130.92,
        "Ledoit-Wolf 收缩": 101.41,
        "RMT 裁剪": 67.39,
        "PCA 因子": 80.44,
        "LW2017 非线性": 57.18
      },
      "vol_1n": 0.172485
    },
    {
      "n": 100,
      "q": 0.3968,
      "gmv_oos_vol": {
        "样本协方差 S": 0.138095,
        "Ledoit-Wolf 收缩": 0.130309,
        "RMT 裁剪": 0.119892,
        "PCA 因子": 0.114645,
        "LW2017 非线性": 0.118297
      },
      "cond_median": {
        "样本协方差 S": 552.57,
        "Ledoit-Wolf 收缩": 349.01,
        "RMT 裁剪": 124.15,
        "PCA 因子": 155.34,
        "LW2017 非线性": 103.77
      },
      "vol_1n": 0.17447
    },
    {
      "n": 200,
      "q": 0.7937,
      "gmv_oos_vol": {
        "样本协方差 S": 0.174702,
        "Ledoit-Wolf 收缩": 0.11847,
        "RMT 裁剪": 0.09143,
        "PCA 因子": 0.087508,
        "LW2017 非线性": 0.093938
      },
      "cond_median": {
        "样本协方差 S": 10994.01,
        "Ledoit-Wolf 收缩": 1697.01,
        "RMT 裁剪": 277.13,
        "PCA 因子": 334.68,
        "LW2017 非线性": 217.49
      },
      "vol_1n": 0.173786
    }
  ],
  "self_checks": {
    "NLS半正定": {
      "pass": true,
      "detail": "n=100 窗口 min λ=1.02e-04 (>0)"
    },
    "NLS仅改特征值": {
      "pass": true,
      "detail": "相对对易残差 ‖SΣ−ΣS‖/‖SΣ‖=3.2e-15"
    },
    "NLS高维更良态": {
      "pass": true,
      "detail": "n=200: 中位κ NLS=217 ≪ 样本=10994"
    },
    "NLS映射近似单调": {
      "pass": true,
      "detail": "min Δd̃/谱宽=-2.9e-04（>−1e-3，保序至数值精度）"
    },
    "回归保护_公共策略一致": {
      "pass": true,
      "detail": "4 个公共策略 max|日收益差|=0.0e+00"
    },
    "bootstrap可复现": {
      "pass": true,
      "detail": "同种子 B=50 两遍逐元素相等"
    }
  }
}